{"services" : [
    {"service_name": "Project Plan", "service_content": "There are many variations of the passages of lorem Ipsum from available, majority."},
    {"service_name": "Interior Work", "service_content": "There are many variations of the passages of lorem Ipsum from available, majority."},
    {"service_name": "Retail Design", "service_content": "There are many variations of the passages of lorem Ipsum from available, majority."},
    {"service_name": "2d/3d Art Work", "service_content": "There are many variations of the passages of lorem Ipsum from available, majority."},
    {"service_name": "Interior Work", "service_content": "There are many variations of the passages of lorem Ipsum from available, majority."},
    {"service_name": "Decoration Work", "service_content": "There are many variations of the passages of lorem Ipsum from available, majority."}
]}