{"people": [
    {"fullname":"Emily Johnson", "country":"India", "thoughts":"ArtifyMe transformed my living space with stunning custom artwork that perfectly captures my personality. The attention to detail and creativity is unmatched—I'm beyond thrilled with the results!"},
    {"fullname":"Michael Smith", "country":"India", "thoughts":"I am so impressed with the quality and uniqueness of the art I received from ArtifyMe. Their team really understood my vision and delivered something truly special. It's a masterpiece that adds life to my home!"},
    {"fullname":"Sophia Davis", "country":"India", "thoughts":"The entire experience with ArtifyMe was exceptional. From consultation to delivery, everything was seamless, and the artwork exceeded my expectations. I couldn't be happier with the beautiful piece they created!"}
]}